{
  "about": {
    "name": "Stackoverflow",
    "description": "Where Developers Learn, Share, & Build Careers.",
    "url": "https://stackoverflow.com"
  },
  "id": "475c6742-d578-4f99-ad6a-7adcb8451704",
  "name": "so",
  "sample": {
    "title": "Sample StackOverflow Post",
    "author": "Alice In Wonderland",
    "asked": "20 mins ago",
    "timesViewed": "10 times"
  },
  "schema": [
    {
      "id": "04904276-e9c8-462b-93f1-daa38e66bb82",
      "name": "title"
    },
    {
      "id": "8584d5dc-544b-4511-81cb-38331b5f7957",
      "name": "author"
    },
    {
      "id": "9db72671-fdd4-4cf8-9ce8-7db357662732",
      "name": "asked"
    },
    {
      "id": "bb589e25-dbf5-4d0a-a923-39fc663eb24e",
      "name": "timesViewed"
    }
  ],

  "script": "return {title: document.querySelector('#question-header h1').textContent.trim(),author: document.getElementsByClassName('question')[0].querySelector('.post-signature > .user-info > .user-details > span').textContent.trim(),asked: document.querySelectorAll('time[itemprop=\"dateCreated\"]')[0].textContent,timesViewed: Array.from(document.querySelectorAll('*')).filter(e => 'Viewed' === e.textContent)[0].parentElement.textContent.replace('Viewed', '').trim()};"
}
