"trigger","title","text","note","scope","type","status","folder"
"hi","Greetings","Hi $so.author,","","USER","SNIPPET","PUBLISHED","Intro"
"hi","Greetings","Hello $so.author,","","USER","SNIPPET","PUBLISHED","Intro"
"hi","Greetings","Yow $so.author,","","USER","SNIPPET","DRAFT","Intro"
"ty","Thank you","Thank you for getting in touch on this beautiful $weekday.","","USER","SNIPPET","PUBLISHED","Mid"
"wrt","With regards to","With regards to the topic $quoteTitle, I will check this and get back to you.","","USER","SNIPPET","PUBLISHED","Mid"
"cr","Composed","$hi[2]

$ty

$wrt

$sign","","USER","SNIPPET","PUBLISHED","Composed"
"weekday","Weekday","const days = ['Sunday','Monday','Tuesday','Wednesday','Thursday','Friday','Saturday'];
return days[new Date().getDay()];","","USER","MACRO","PUBLISHED","Utils"
"quoteTitle","Quote title","return '$so.title';","Wraps the title in quotes","USER","MACRO","PUBLISHED","Utils"
"sign","Sign","Kind regards,
Alice","","USER","SNIPPET","PUBLISHED","Close"
"ttRead","Time to read","const wpm = 225;
const content = $hai.docContent;
const words = content.trim().split(/\s+/).length;
const mins = Math.ceil(words / wpm);
return `(About a ${mins} minute read)`;","Inserts an indicator of how long it takes for the message to be read based on the text length and average human reading speed","USER","MACRO","PUBLISHED","Close"
"buildFootnotes","Build Footnotes","// hai on:trigger
// hai set:docContent
let text = $hai.docContent;
const mdLinkRE = /\[([^\[\]]*)\]\((.*?)\)/gmi;
let footnotes = [];
let idx = 1;
const matches = text.matchAll(mdLinkRE);
for (const [match, title, link] of matches) {
  footnotes.push(`[${idx}] ${link}`);
  text = text.replace(match, `${title} [${idx}]`);
  idx++;
}
return text + '\r\n\r\n' + footnotes.join('\r\n');","Replaces the entire text with footnotes build at the end of the text","USER","MACRO","PUBLISHED","Close"
"checkFootnotes","Check Footnotes","// hai on:trigger
const RE = /\[\d+\]\s(.+)$/gmi;
const content = $hai.docContent;
const matches = content.matchAll(RE);
for (const [match,url] of matches) {
  window.open('url','_blank');
}","Take all the footnotes and opens them in a new tab","USER","MACRO","PUBLISHED","Close"
"watman","The Batman","// hai on:trigger
// hai set:docContent
return Array(16).join(""wat"" - 1) + "" Batman!"";","https://www.destroyallsoftware.com/talks/wat","USER","MACRO","PUBLISHED","Close"
