{
  "about": {
    "name": "Mail",
    "description": "Mail from Microsoft",
    "url": "https://outlook.live.com"
  },
  "id": "6b6c4dfe-5ea7-42ee-ac4d-fe5ea722eecb",
  "name": "mail",
  "sample": {
    "date": "10 minutes ago",
    "from": {
      "address": "jane.doe@example.com",
      "name": "Jane Doe"
    },
    "subject": "Sample subject"
  },
  "schema": [
    {
      "id": "087786cf-24c3-4206-b786-cf24c3c20616",
      "name": "date"
    },
    {
      "id": "09499212-e93b-40ad-8992-12e93bc0ada8",
      "name": "from",
      "props": [
        {
          "id": "e28e1c95-86c6-4210-8e1c-9586c67210c3",
          "name": "address"
        },
        {
          "id": "caa781b8-1bec-4fb5-a781-b81bec7fb5f9",
          "name": "name"
        }
      ]
    },
    {
      "id": "385687e3-d33c-4a2c-9687-e3d33c2a2ccd",
      "name": "subject"
    }
  ],
  "script": "const t=document.querySelector(\".srQCs\").textContent,e=document.querySelector(\".OZZZK\").textContent;return{date:t,from:{address:e.substring(e.indexOf(\"<\")+1,e.indexOf(\">\")).trim(),name:e.substring(0,e.indexOf(\"<\")).trim()},subject:document.querySelector(\".JdFsz\").getAttribute(\"title\")}"
}
