{
  "about": {
    "name": "Mail",
    "description": "Mail from Google",
    "url": "https://mail.google.com"
  },
  "id": "86604691-708d-4156-bf5b-6534d6618693",
  "name": "mail",
  "sample": {
    "from": {
      "address": "jane.doe@example.com",
      "name": "Jane Doe"
    },
    "lastMessage": {
      "address": "john.doe@example.com",
      "name": "John Doe",
      "received": "5 minutes ago"
    },
    "received": "10 minutes ago",
    "subject": "Sample subject"
  },
  "schema": [
    {
      "id": "bab902a5-1196-4b9e-9083-5a1b2b8eba60",
      "name": "from",
      "props": [
        {
          "id": "725a2f77-e4bf-4962-83dc-748723554576",
          "name": "address"
        },
        {
          "id": "496ce967-9aac-4542-b654-34727653b119",
          "name": "name"
        }
      ]
    },
    {
      "id": "15be6aea-e4a4-4913-bfbb-7881e47a8358",
      "name": "lastMessage",
      "props": [
        {
          "id": "39d546c4-ca97-4056-9171-f3f15caaf09b",
          "name": "address"
        },
        {
          "id": "a655e5c0-8007-4b7b-b480-3e131df6c40c",
          "name": "name"
        },
        {
          "id": "7209f258-ae9b-4394-b5d2-b1044806b1ac",
          "name": "received"
        }
      ]
    },
    {
      "id": "4c7a21bc-9540-488f-981c-c6ba3a6bf79f",
      "name": "received"
    },
    {
      "id": "27456c32-23e1-4543-bd2a-d7c145d79584",
      "name": "subject"
    }
  ],

  "script": "const e=document.querySelector('h2[jsname=\"r4nke\"]').textContent,t=document.querySelectorAll('h3.iw .gD'),n=t[0].textContent,o=1===t.length?t[0].textContent:t[t.length-1].textContent,l=document.querySelectorAll('h3.iw .go'),r=l[0].textContent.slice(1,-1),c=1===l.length?r:l[l.length-1].textContent.slice(1,-1),s=document.querySelectorAll('.gK .g3'),g=s[0].textContent;return{from:{address:r,name:n},lastMessage:{address:c,name:o,received:1===s.length?s[0].textContent:s[s.length-1].textContent},received:g,subject:e}"
}
