{
  "about": {
    "name": "Mail",
    "description": "Gmail, Outlook.com, etc.",
    "url": "https://hai.mail.com"
  },
  "id": "551dd9a8-a294-4d0b-9996-c4e35fbb2283",
  "name": "mail",
  "sample": {
    "subject": "Sample subject",
    "from": {
      "name": "Jane Doe",
      "email": "jane.doe@example.com"
    },
    "received": "10 minutes ago"
  },
  "schema": [
    {
      "id": "be7970da-94ab-4fbd-a434-add018fa2b99",
      "name": "subject"
    },
    {
      "id": "b59378c6-38d9-42e5-a8cf-0682c01920ff",
      "name": "from",
      "props": [
        {
          "id": "8a800057-a242-49cf-bdd6-0c9646add612",
          "name": "name"
        },
        {
          "id": "ee108760-32c1-4cf9-b24a-77061b9b51b0",
          "name": "email"
        }
      ]
    },
    {
      "id": "92cbef41-0251-4e35-ace3-0a38b4fca34c",
      "name": "received"
    }
  ],

  "script": "n/a"
}
