"trigger","title","text","note","scope","type","status","folder"
"README","CLICK & README","# Mail
(click the MARKUP button - or Ctrl + m - for easier reading)

## About
Mail & Messaging can be a time-sink, especially when you are writing and responding to messages all day long.

## Scenarios
The mail demo provides the following scenarios to try out:

* **Interested in working together**
Someone gets in touch because they want to integrate with our services.

* **Win major prizes**
A mail demo cannot miss a spam message.

## Content Library
The content library is organised based on the scenarios:

* **Interested in working together**
Contains snippets to quickly reply and setup a meeting.

* **Win major prizes**
Contains the auto-responder that detects the title and automatically writes a reply.

## Try it out and break things
Clear this document, pick a mail scenario and start composing.
You can edit, create and reorganise the content library in any way you prefer.

Check out [the help documentation](/hai/help.html) to learn more","","USER","SNIPPET","PUBLISHED",""
"DoWorkTogether","Do work together","I checked out $CustomerDomain and found a lot of potential for working and integrating together.","","USER","SNIPPET","PUBLISHED","Interested in working together"
"SpamAutoReply","SpamAutoReply","// hai set:docContent

// Get the subject of the email
const subject = $mail.subject;

if (subject.includes(""Win major prizes"")) {
return `Hi,

Thank you for reaching out.

At the moment I have no interest in winning major prizes.
However, please do stay in touch in case I won.

Kind regards,
Addie Minstra`;
}","","USER","MACRO","PUBLISHED","Win major prizes"
"hai","Hai","Hi $FirstName,

Thank you for getting in touch on this beautiful $DayOfTheWeek.","","USER","SNIPPET","PUBLISHED","Personal touches"
"FirstName","FirstName","const fullName = $mail.from.name;
return fullName.split("" "")[0];","","USER","MACRO","PUBLISHED","Personal touches"
"DayOfTheWeek","DayOfTheWeek","// Get today's date as a string in the format 'weekday'
return new Date().toLocaleDateString('en', { weekday: 'long' });","","USER","MACRO","PUBLISHED","Personal touches"
"CustomerDomain","CustomerDomain","// Get the email address from the mail sender
const emailAddress = $mail.from.email;
// And return the part after the @
return `${emailAddress}`.split(""@"")[1];","","USER","MACRO","PUBLISHED","Personal touches"
"sign","Sign","Kind regards,
Addie Minstra","","USER","SNIPPET","PUBLISHED","Personal touches"
"mailSubject","Subject","// hai set:docHeaders1
// Don't set the header automatically on the sample
const subject = $mail.subject;
if (subject === ""Sample subject"") return """";
return `<h1>${subject}</h1>`;","","USER","MACRO","PUBLISHED","Header Customisation"
"FromNameAndEmail","From name and email","// hai set:docHeaders2
// Don't set the header automatically on the sample
const subject = $mail.subject;
if (subject === ""Sample subject"") return """";
const fromName = $mail.from.name;
const fromEmail = $mail.from.email;
return `From: ${fromName} (${fromEmail})<br><hr>`;","","USER","MACRO","PUBLISHED","Header Customisation"