{
  "about": {
    "name": "Community",
    "description": "Github, Stackoverflow, etc.",
    "url": "https://hai.community.com"
  },
  "id": "f4510736-e587-4521-bcda-7ef13019813e",
  "name": "post",
  "sample": {
    "number": "0",
    "title": "Sample Post",
    "author": "aida-bugg",
    "state": "OPEN",
    "opened": "",
    "openedUTC": "",
    "lastPostAuthor": "",
    "lastPostDate": ""
  },
  "schema": [
    {
      "id": "656b4233-fef5-4ff2-bedc-dea0de75d3d3",
      "name": "number"
    },
    {
      "id": "df0e5fb6-e915-44a2-813a-bda32e5a2e69",
      "name": "title"
    },
    {
      "id": "7ac425d0-5ff5-461b-97df-fe3d83dbdc06",
      "name": "author"
    },
    {
      "id": "dd9c72b2-c6a8-48f8-bc9e-950f4af7eb69",
      "name": "state"
    },
    {
      "id": "de04e791-7abd-4dd5-9a38-7c4d03e100ce",
      "name": "opened"
    },
    {
      "id": "abd33fad-89ff-4bb6-8799-13662f16f9bd",
      "name": "openedUTC"
    },
    {
      "id": "2fef470d-4f20-498d-9b11-7689c573abed",
      "name": "lastPostAuthor"
    },
    {
      "id": "a193c76e-1c41-4192-91b4-1f9876add128",
      "name": "lastPostDate"
    }
  ],
  "script": "n/a"
}
