{
  "about": {
    "name": "Support",
    "description": "Zendesk, Jira, etc.",
    "url": "https://hai.support.com"
  },
  "id": "e95086cc-ff5f-436d-9b2c-3e0799d64287",
  "name": "ticket",
  "sample": {
    "id": "0",
    "subject": "Sample support subject",
    "description": "Sample support description",
    "requester": {
      "id": "1",
      "name": "Dee End",
      "email": "Dee.End@example.com"
    },
    "type": "Incident",
    "priority": "Urgent",
    "requested": "5 minutes ago"
  },
  "schema": [
    {
      "id": "2d32bc8b-64bd-4672-8bce-995f6bac9a83",
      "name": "id"
    },
    {
      "id": "69ed2f2d-d897-48a2-863c-5c510aa318e7",
      "name": "subject"
    },
    {
      "id": "98d45373-2870-44e1-8836-6957162c3935",
      "name": "description"
    },
    {
      "id": "cba85cee-1e65-4d94-b8ae-8ae013168f48",
      "name": "requester",
      "props": [
        {
          "id": "6f1dd190-cd41-4b8c-bda2-50e1e90993dc",
          "name": "id"
        },
        {
          "id": "f5996996-12ca-4b19-b6fc-d5aa38e496ff",
          "name": "name"
        },
        {
          "id": "654369cf-14b3-4880-ada1-9539af77b591",
          "name": "email"
        }
      ]
    },
    {
      "id": "65557ce0-f9f4-42c8-be7d-fa9c53472c01",
      "name": "type"
    },
    {
      "id": "6cbe33fc-f177-4243-aa0c-f114482214ce",
      "name": "priority"
    },
    {
      "id": "f8b5ba71-fcfd-4bd9-bb17-7759be476f80",
      "name": "requested"
    }
  ],

  "script": "n/a"
}
