"trigger","title","text","note","scope","type","status","folder"
"README","CLICK & README","# Support
(click the MARKUP button - or Ctrl + m - for easier reading)

## About
Support & Customer service is one of the areas where an application like this  comes in very handy. Often there are standard answers to provide, knowledge documents to consult and certain processes to follow.

## Scenarios
The support demo provides the following scenarios to try out:

* **I need a human!!!**
A user is locked out of their corporate account.
The chatbot was of no help and a human needs to step in, making sure all security protocols are followed.

* **TODO**
More coming soon...

## Content Library
The content library is organised based on the scenarios:

* **Account unlock**
Contains content to address the *I need a human!!!* scenario.

* **Shared snippets**
Contains snippets that can be reused in any other snippet

## Try it out and break things
Clear this document, pick a support scenario and start composing.
You can edit, create and reorganise the content library in any way you prefer.

Check out [the help documentation](/hai/help.html) to learn more","","USER","SNIPPET","PUBLISHED",""
"AccountLocked","Account Locked","I noticed from your description that your account got locked.
We will start an internal investigation immediately and get back to you as fast as possible.","","USER","SNIPPET","PUBLISHED","Process Account locked"
"openissue","Open Issue","## Issue: {{/*title*/}}
{{/*description*/}}","","USER","SNIPPET","PUBLISHED","Process Account locked"
"AccountInvestigation","Account investigation","**Account**
Id:  $ticket.requester.id
Name: $ticket.requester.name
Email: $ticket.requester.email

**Logs**
https://admin.example.com/user?q=$ticket.requester.email
https://eve.example.com/logs?q=$ticket.requester.email&t={{ all | last30days | last7days }}","","USER","SNIPPET","PUBLISHED","Process Account locked"
"AccountObservations","Account observations","**Observations **
Account status: {{ open | locked | blocked }}
Password retry policy: {{/*N*/}}
Password retry attempts: {{/*N*/}}
Login attempt times: {{ within | outside of }} business hours
Login attempt locations: {{ office | remote | office & remote }}
Suspicious file access/activity: {{ no | yes }}
Consulted with Security Operations: {{ no | yes }}","","USER","SNIPPET","PUBLISHED","Process Account locked"
"Resolution","Resolution","**Resolution**
{{/* analysis, actions taken, etc. */}}","","USER","SNIPPET","PUBLISHED","Process Account locked"
"AccountAnalysis","Account analysis","Suspicious activity found: {{ Yes | No }}
Account analysis: {{}}
Account unlocked: {{ Yes | No }}","","USER","SNIPPET","PUBLISHED","Process Account locked"
"WeTakeSecuritySeriously","We Take Security Seriously","We just completed an internal account investigation to make sure no suspicious activity was detected. As you know we take security very seriously at $EmployeeDomain.","","USER","SNIPPET","PUBLISHED","Process Account locked"
"AccountUnlocked","Account Unlocked","We have unlocked your account and you can now [request a password reset](https://example.org/user/01010011-01001111-01010011/password/reset).","","USER","SNIPPET","PUBLISHED","Process Account locked"
"RecommendPWManager","Recommend Password Manager","If you are not familiar yet, $EmployeeDomain is endorsing the use of a password manager.
You can [find all the details online](https://acme.org/security/use-password-manager).","","USER","SNIPPET","PUBLISHED","Process Account locked"
"accountok","Account OK","Our team performed an internal investigation into your account and found no suspicious activity.

Reset your password with this link:
https://example.org/user/$ticket.requester.id/password/reset","","USER","SNIPPET","PUBLISHED","Process Account locked"
"AccountOkMarkdown","Account ok markdown","Our team performed an internal investigation into your account and found **no suspicious activity**.

In any case, we advise you to [reset your password](https://example.org/user/01010011-01001111-01010011/password/reset).","","USER","SNIPPET","PUBLISHED","Process Account locked"
"hai","Hai","Hi {{/* human */}},

Thank you for reaching out.

{{}}","","USER","SNIPPET","PUBLISHED","Shared snippets"
"haia","Hai again","Hi $ticket.requester.name,

Thank you for {{
your patience |
your kind words
}}.

{{}}","","USER","SNIPPET","PUBLISHED","Shared snippets"
"ays","At Your Service","If you have any further questions or issues, don't hesitate to get back to me.","","USER","SNIPPET","PUBLISHED","Shared snippets"
"sign","Signature","Kind regards,
Bob | Another human","","USER","SNIPPET","PUBLISHED","Shared snippets"
"sign","Signature","Kind regards,
Bob | Still a human","","USER","SNIPPET","PUBLISHED","Shared snippets"
"EmployeeDomain","Employee Domain","// Get the email address from the ticket requester
const emailAddress = $ticket.requester.email;
// And return the part after the @
return `${emailAddress}`.split(""@"")[1];","","USER","MACRO","PUBLISHED","Shared snippets"
"asText","Markdown to plain text","// hai on:trigger
// hai set:docContent

// Get the document content
let text = $hai.docContent;

// Remove headers
text = text.replace(/^#+\s*(.*)$/gm, '$1');

// Remove bold and italic
text = text.replace(/(\*{1,3}|_{1,3})(.*?)\1/g, '$2');

// Remove strikethrough
text = text.replace(/~~(.*?)~~/g, '$1');

// Convert inline links to footnotes
const mdLinkRE = /\[([^\[\]]*)\]\((.*?)\)/gmi;
let footnotes = [];
let idx = 1;
const matches = text.matchAll(mdLinkRE);
for (const [match, title, link] of matches) {
  footnotes.push(`[${idx}] ${link}`);
  text = text.replace(match, `${title} [${idx}]`);
  idx++;
}

return text + '\r\n\r\n' + footnotes.join('\r\n');","","USER","MACRO","PUBLISHED","Shared snippets"
"ticketSubjectAndDescription","Subject and description","// hai set:docHeaders1
if ($ticket.id === ""0"") return """";
const subject = $ticket.subject;
const description = $ticket.description;
return `<h2>${subject}</h2>\n${description}`;","","USER","MACRO","PUBLISHED","Header customisation"
"PriorityAndRequestInformation","Priority and request information","// hai set:docHeaders2

if ($ticket.id === ""0"") return """";
let priority = $ticket.priority;
priority = priority === ""Urgent"" ? `<strong>${priority}</strong>` : priority;
const requested = $ticket.requested;
const requesterName = $ticket.requester.name;
return `${priority} - requested ${requested} by ${requesterName}`;","","USER","MACRO","PUBLISHED","Header customisation"